species,pollinator
Agalinis_aff_itambensis,bee
Agalinis_aff_nana,bee
Agalinis_albida,bee
Agalinis_angustifolia,bird
Agalinis_aphylla,bee
Agalinis_auriculata,bee
Agalinis_bandeirensis,bee
Agalinis_brachyphylla,bee
Agalinis_brevifolia,bee
Agalinis_calycina,bee
Agalinis_communis,bee
Agalinis_decemloba,bee
Agalinis_divaricata,bee
Agalinis_edwardsiana,bee
Agalinis_fasciculata,bee
Agalinis_fiebrigii,bee
Agalinis_filicaulis,bee
Agalinis_flexicaulis,bee
Agalinis_gattingeri,bee
Agalinis_genistifolia,bee
Agalinis_gypsophila,bee
Agalinis_harperi,bee
Agalinis_heterophylla,bee
Agalinis_homalantha,bee
Agalinis_kingsii,bee
Agalinis_lanceolata,bird
Agalinis_laxa,bee
Agalinis_linifolia,bee
Agalinis_maritima,bee
Agalinis_megalantha,bird
Agalinis_navasotensis,bee
Agalinis_obtusifolia,bee
Agalinis_oligophylla,bee
Agalinis_peduncularis,bee
Agalinis_pennellii,bee
Agalinis_plukenetii,bee
Agalinis_pulchella,bee
Agalinis_purpurea,bee
Agalinis_ramosissima,bee
Agalinis_scarlatina,bird
Agalinis_setacea,bee
Agalinis_skinneriana,bee
Agalinis_strictifolia,bee
Agalinis_tenella,bee
Agalinis_tenuifolia,bee
Agalinis_viridis,bee
Esterhazya_caesarea,bird
Esterhazya_nanuzae,bird
Esterhazya_splendida,bird
